[
    {
        "id": "1",
        "category_name": "Beverages"
    },
    {
        "id": "2",
        "category_name": "Cleaning Supplies"
    },
    {
        "id": "3",
        "category_name": "Clothing"
    },
    {
        "id": "4",
        "category_name": "First Aid "
    },
    {
        "id": "5",
        "category_name": "Food"
    },
    {
        "id": "6",
        "category_name": "Kitchen Supplies"
    },
    {
        "id": "7",
        "category_name": "Medical Supplies"
    },
    {
        "id": "8",
        "category_name": "Personal Hygiene "
    },
    {
        "id": "9",
        "category_name": "Shoes"
    }
]